{"employees":[{"id":2,"firstName":"Jane","lastName":"Smith","position":"Product Manager","department":"Product Management","salary":100000},{"id":3,"firstName":"Alex","lastName":"Johnson","position":"Data Scientist","department":"Data Science","salary":90000},{"id":4,"firstName":"Emily","lastName":"Brown","position":"HR Specialist","department":"Human Resources","salary":75000},{"id":5,"firstName":"ind","lastName":"lol","position":"Manager","department":"Product Management","salary":100000},{"id":6,"firstName":"hai","lastName":"lll","position":"Manager","department":"Product Management","salary":100000}]}